"(7, 29)","(36, 29)","(13, 24)","(16, 30)",C:\Users\Dell\Desktop\Work\Parent\Binarize\BinarizeLeftEye\BinarizeLeftEye0.jpg
"(10, 26)","(36, 27)","(15, 23)","(17, 31)",C:\Users\Dell\Desktop\Work\Parent\Binarize\BinarizeLeftEye\BinarizeLeftEye1.jpg
"(15, 28)","(26, 28)","(18, 27)","(16, 34)",C:\Users\Dell\Desktop\Work\Parent\Binarize\BinarizeLeftEye\BinarizeLeftEye10.jpg
"(11, 29)","(37, 31)","(15, 25)","(17, 36)",C:\Users\Dell\Desktop\Work\Parent\Binarize\BinarizeLeftEye\BinarizeLeftEye100.jpg
"(10, 31)","(38, 30)","(17, 25)","(18, 37)",C:\Users\Dell\Desktop\Work\Parent\Binarize\BinarizeLeftEye\BinarizeLeftEye101.jpg
"(12, 30)","(29, 27)","(17, 26)","(20, 35)",C:\Users\Dell\Desktop\Work\Parent\Binarize\BinarizeLeftEye\BinarizeLeftEye102.jpg
"(13, 25)","(38, 32)","(14, 24)","(16, 35)",C:\Users\Dell\Desktop\Work\Parent\Binarize\BinarizeLeftEye\BinarizeLeftEye103.jpg
"(10, 34)","(39, 34)","(26, 25)","(21, 37)",C:\Users\Dell\Desktop\Work\Parent\Binarize\BinarizeLeftEye\BinarizeLeftEye104.jpg
"(10, 29)","(38, 32)","(16, 25)","(20, 37)",C:\Users\Dell\Desktop\Work\Parent\Binarize\BinarizeLeftEye\BinarizeLeftEye105.jpg
"(9, 29)","(38, 31)","(17, 24)","(17, 36)",C:\Users\Dell\Desktop\Work\Parent\Binarize\BinarizeLeftEye\BinarizeLeftEye106.jpg
"(13, 26)","(36, 30)","(16, 24)","(16, 36)",C:\Users\Dell\Desktop\Work\Parent\Binarize\BinarizeLeftEye\BinarizeLeftEye107.jpg
"(16, 29)","(39, 33)","(19, 26)","(19, 39)",C:\Users\Dell\Desktop\Work\Parent\Binarize\BinarizeLeftEye\BinarizeLeftEye108.jpg
"(13, 27)","(26, 25)","(18, 25)","(16, 32)",C:\Users\Dell\Desktop\Work\Parent\Binarize\BinarizeLeftEye\BinarizeLeftEye109.jpg
"(13, 27)","(25, 26)","(16, 26)","(14, 34)",C:\Users\Dell\Desktop\Work\Parent\Binarize\BinarizeLeftEye\BinarizeLeftEye11.jpg
"(6, 30)","(33, 29)","(14, 23)","(18, 32)",C:\Users\Dell\Desktop\Work\Parent\Binarize\BinarizeLeftEye\BinarizeLeftEye110.jpg
"(13, 28)","(25, 26)","(18, 26)","(18, 33)",C:\Users\Dell\Desktop\Work\Parent\Binarize\BinarizeLeftEye\BinarizeLeftEye111.jpg
"(3, 13)","(22, 12)","(11, 11)","(3, 16)",C:\Users\Dell\Desktop\Work\Parent\Binarize\BinarizeLeftEye\BinarizeLeftEye112.jpg
"(3, 15)","(27, 10)","(20, 10)","(3, 15)",C:\Users\Dell\Desktop\Work\Parent\Binarize\BinarizeLeftEye\BinarizeLeftEye113.jpg
"(14, 26)","(37, 28)","(17, 25)","(17, 30)",C:\Users\Dell\Desktop\Work\Parent\Binarize\BinarizeLeftEye\BinarizeLeftEye114.jpg
"(13, 26)","(37, 29)","(17, 24)","(32, 31)",C:\Users\Dell\Desktop\Work\Parent\Binarize\BinarizeLeftEye\BinarizeLeftEye115.jpg
"(10, 31)","(40, 34)","(19, 25)","(18, 36)",C:\Users\Dell\Desktop\Work\Parent\Binarize\BinarizeLeftEye\BinarizeLeftEye116.jpg
"(9, 7)","(37, 12)","(9, 7)","(34, 12)",C:\Users\Dell\Desktop\Work\Parent\Binarize\BinarizeLeftEye\BinarizeLeftEye117.jpg
"(14, 25)","(35, 28)","(14, 25)","(18, 30)",C:\Users\Dell\Desktop\Work\Parent\Binarize\BinarizeLeftEye\BinarizeLeftEye118.jpg
"(15, 26)","(38, 30)","(18, 25)","(18, 32)",C:\Users\Dell\Desktop\Work\Parent\Binarize\BinarizeLeftEye\BinarizeLeftEye119.jpg
"(7, 32)","(24, 30)","(19, 25)","(9, 33)",C:\Users\Dell\Desktop\Work\Parent\Binarize\BinarizeLeftEye\BinarizeLeftEye12.jpg
"(12, 28)","(38, 31)","(16, 26)","(15, 32)",C:\Users\Dell\Desktop\Work\Parent\Binarize\BinarizeLeftEye\BinarizeLeftEye120.jpg
"(8, 29)","(36, 30)","(16, 23)","(21, 32)",C:\Users\Dell\Desktop\Work\Parent\Binarize\BinarizeLeftEye\BinarizeLeftEye121.jpg
"(13, 28)","(38, 29)","(17, 26)","(16, 32)",C:\Users\Dell\Desktop\Work\Parent\Binarize\BinarizeLeftEye\BinarizeLeftEye122.jpg
"(14, 27)","(39, 30)","(22, 25)","(18, 34)",C:\Users\Dell\Desktop\Work\Parent\Binarize\BinarizeLeftEye\BinarizeLeftEye123.jpg
"(14, 28)","(39, 31)","(18, 26)","(18, 34)",C:\Users\Dell\Desktop\Work\Parent\Binarize\BinarizeLeftEye\BinarizeLeftEye124.jpg
"(13, 27)","(38, 30)","(17, 25)","(17, 34)",C:\Users\Dell\Desktop\Work\Parent\Binarize\BinarizeLeftEye\BinarizeLeftEye125.jpg
"(15, 28)","(39, 31)","(20, 26)","(33, 33)",C:\Users\Dell\Desktop\Work\Parent\Binarize\BinarizeLeftEye\BinarizeLeftEye126.jpg
"(15, 26)","(38, 32)","(19, 24)","(33, 35)",C:\Users\Dell\Desktop\Work\Parent\Binarize\BinarizeLeftEye\BinarizeLeftEye127.jpg
"(13, 27)","(37, 29)","(16, 26)","(17, 32)",C:\Users\Dell\Desktop\Work\Parent\Binarize\BinarizeLeftEye\BinarizeLeftEye128.jpg
"(15, 27)","(39, 30)","(19, 26)","(17, 32)",C:\Users\Dell\Desktop\Work\Parent\Binarize\BinarizeLeftEye\BinarizeLeftEye129.jpg
"(9, 28)","(26, 26)","(12, 25)","(15, 32)",C:\Users\Dell\Desktop\Work\Parent\Binarize\BinarizeLeftEye\BinarizeLeftEye13.jpg
"(16, 28)","(35, 31)","(18, 24)","(17, 35)",C:\Users\Dell\Desktop\Work\Parent\Binarize\BinarizeLeftEye\BinarizeLeftEye130.jpg
"(16, 26)","(37, 31)","(17, 25)","(19, 35)",C:\Users\Dell\Desktop\Work\Parent\Binarize\BinarizeLeftEye\BinarizeLeftEye131.jpg
"(6, 30)","(34, 30)","(16, 24)","(18, 31)",C:\Users\Dell\Desktop\Work\Parent\Binarize\BinarizeLeftEye\BinarizeLeftEye132.jpg
"(15, 27)","(38, 32)","(16, 26)","(17, 36)",C:\Users\Dell\Desktop\Work\Parent\Binarize\BinarizeLeftEye\BinarizeLeftEye133.jpg
"(10, 9)","(30, 8)","(20, 7)","(12, 11)",C:\Users\Dell\Desktop\Work\Parent\Binarize\BinarizeLeftEye\BinarizeLeftEye134.jpg
"(10, 8)","(29, 8)","(23, 6)","(11, 10)",C:\Users\Dell\Desktop\Work\Parent\Binarize\BinarizeLeftEye\BinarizeLeftEye135.jpg
"(9, 8)","(29, 7)","(19, 6)","(11, 10)",C:\Users\Dell\Desktop\Work\Parent\Binarize\BinarizeLeftEye\BinarizeLeftEye136.jpg
"(10, 9)","(36, 12)","(18, 6)","(35, 12)",C:\Users\Dell\Desktop\Work\Parent\Binarize\BinarizeLeftEye\BinarizeLeftEye137.jpg
"(9, 11)","(32, 10)","(18, 7)","(9, 11)",C:\Users\Dell\Desktop\Work\Parent\Binarize\BinarizeLeftEye\BinarizeLeftEye138.jpg
"(13, 27)","(37, 32)","(17, 25)","(17, 35)",C:\Users\Dell\Desktop\Work\Parent\Binarize\BinarizeLeftEye\BinarizeLeftEye139.jpg
"(10, 28)","(37, 32)","(15, 23)","(32, 33)",C:\Users\Dell\Desktop\Work\Parent\Binarize\BinarizeLeftEye\BinarizeLeftEye14.jpg
"(13, 6)","(33, 8)","(20, 5)","(28, 10)",C:\Users\Dell\Desktop\Work\Parent\Binarize\BinarizeLeftEye\BinarizeLeftEye140.jpg
"(12, 4)","(37, 13)","(12, 4)","(37, 13)",C:\Users\Dell\Desktop\Work\Parent\Binarize\BinarizeLeftEye\BinarizeLeftEye141.jpg
"(13, 21)","(25, 22)","(13, 21)","(16, 29)",C:\Users\Dell\Desktop\Work\Parent\Binarize\BinarizeLeftEye\BinarizeLeftEye142.jpg
"(6, 30)","(35, 30)","(14, 23)","(20, 32)",C:\Users\Dell\Desktop\Work\Parent\Binarize\BinarizeLeftEye\BinarizeLeftEye143.jpg
"(13, 23)","(34, 29)","(15, 22)","(16, 30)",C:\Users\Dell\Desktop\Work\Parent\Binarize\BinarizeLeftEye\BinarizeLeftEye144.jpg
"(13, 25)","(34, 29)","(16, 24)","(17, 31)",C:\Users\Dell\Desktop\Work\Parent\Binarize\BinarizeLeftEye\BinarizeLeftEye145.jpg
"(11, 25)","(32, 29)","(14, 23)","(15, 30)",C:\Users\Dell\Desktop\Work\Parent\Binarize\BinarizeLeftEye\BinarizeLeftEye146.jpg
"(7, 28)","(33, 28)","(13, 23)","(14, 29)",C:\Users\Dell\Desktop\Work\Parent\Binarize\BinarizeLeftEye\BinarizeLeftEye147.jpg
"(13, 24)","(33, 29)","(15, 23)","(18, 32)",C:\Users\Dell\Desktop\Work\Parent\Binarize\BinarizeLeftEye\BinarizeLeftEye148.jpg
"(10, 26)","(34, 28)","(15, 23)","(16, 31)",C:\Users\Dell\Desktop\Work\Parent\Binarize\BinarizeLeftEye\BinarizeLeftEye149.jpg
"(8, 31)","(25, 25)","(24, 25)","(8, 33)",C:\Users\Dell\Desktop\Work\Parent\Binarize\BinarizeLeftEye\BinarizeLeftEye15.jpg
"(14, 24)","(35, 28)","(15, 23)","(18, 31)",C:\Users\Dell\Desktop\Work\Parent\Binarize\BinarizeLeftEye\BinarizeLeftEye150.jpg
"(12, 27)","(37, 30)","(19, 23)","(19, 35)",C:\Users\Dell\Desktop\Work\Parent\Binarize\BinarizeLeftEye\BinarizeLeftEye151.jpg
"(10, 6)","(30, 8)","(10, 6)","(14, 10)",C:\Users\Dell\Desktop\Work\Parent\Binarize\BinarizeLeftEye\BinarizeLeftEye152.jpg
"(10, 5)","(28, 7)","(10, 5)","(21, 9)",C:\Users\Dell\Desktop\Work\Parent\Binarize\BinarizeLeftEye\BinarizeLeftEye153.jpg
"(14, 25)","(26, 24)","(17, 23)","(18, 33)",C:\Users\Dell\Desktop\Work\Parent\Binarize\BinarizeLeftEye\BinarizeLeftEye154.jpg
"(9, 6)","(29, 8)","(9, 6)","(12, 10)",C:\Users\Dell\Desktop\Work\Parent\Binarize\BinarizeLeftEye\BinarizeLeftEye155.jpg
"(12, 25)","(24, 23)","(15, 23)","(16, 33)",C:\Users\Dell\Desktop\Work\Parent\Binarize\BinarizeLeftEye\BinarizeLeftEye156.jpg
"(12, 24)","(24, 23)","(15, 23)","(16, 33)",C:\Users\Dell\Desktop\Work\Parent\Binarize\BinarizeLeftEye\BinarizeLeftEye157.jpg
"(13, 24)","(33, 28)","(17, 22)","(16, 32)",C:\Users\Dell\Desktop\Work\Parent\Binarize\BinarizeLeftEye\BinarizeLeftEye158.jpg
"(14, 25)","(23, 25)","(17, 24)","(17, 31)",C:\Users\Dell\Desktop\Work\Parent\Binarize\BinarizeLeftEye\BinarizeLeftEye159.jpg
"(8, 32)","(26, 25)","(23, 25)","(11, 33)",C:\Users\Dell\Desktop\Work\Parent\Binarize\BinarizeLeftEye\BinarizeLeftEye16.jpg
"(13, 25)","(33, 28)","(13, 25)","(17, 30)",C:\Users\Dell\Desktop\Work\Parent\Binarize\BinarizeLeftEye\BinarizeLeftEye160.jpg
"(13, 24)","(33, 28)","(13, 24)","(15, 29)",C:\Users\Dell\Desktop\Work\Parent\Binarize\BinarizeLeftEye\BinarizeLeftEye161.jpg
"(13, 26)","(33, 29)","(13, 26)","(26, 29)",C:\Users\Dell\Desktop\Work\Parent\Binarize\BinarizeLeftEye\BinarizeLeftEye162.jpg
"(11, 32)","(40, 33)","(17, 26)","(19, 36)",C:\Users\Dell\Desktop\Work\Parent\Binarize\BinarizeLeftEye\BinarizeLeftEye163.jpg
"(14, 25)","(34, 29)","(15, 24)","(18, 30)",C:\Users\Dell\Desktop\Work\Parent\Binarize\BinarizeLeftEye\BinarizeLeftEye164.jpg
"(6, 33)","(26, 24)","(18, 23)","(19, 35)",C:\Users\Dell\Desktop\Work\Parent\Binarize\BinarizeLeftEye\BinarizeLeftEye165.jpg
"(16, 25)","(36, 29)","(16, 25)","(18, 31)",C:\Users\Dell\Desktop\Work\Parent\Binarize\BinarizeLeftEye\BinarizeLeftEye166.jpg
"(17, 27)","(25, 28)","(20, 26)","(19, 34)",C:\Users\Dell\Desktop\Work\Parent\Binarize\BinarizeLeftEye\BinarizeLeftEye167.jpg
"(8, 3)","(45, 18)","(8, 3)","(45, 18)",C:\Users\Dell\Desktop\Work\Parent\Binarize\BinarizeLeftEye\BinarizeLeftEye168.jpg
"(16, 26)","(38, 32)","(17, 25)","(18, 34)",C:\Users\Dell\Desktop\Work\Parent\Binarize\BinarizeLeftEye\BinarizeLeftEye169.jpg
"(15, 28)","(35, 29)","(19, 26)","(17, 35)",C:\Users\Dell\Desktop\Work\Parent\Binarize\BinarizeLeftEye\BinarizeLeftEye17.jpg
"(18, 29)","(38, 32)","(20, 25)","(19, 35)",C:\Users\Dell\Desktop\Work\Parent\Binarize\BinarizeLeftEye\BinarizeLeftEye170.jpg
"(14, 27)","(34, 31)","(18, 26)","(34, 31)",C:\Users\Dell\Desktop\Work\Parent\Binarize\BinarizeLeftEye\BinarizeLeftEye171.jpg
"(10, 29)","(36, 32)","(15, 27)","(33, 32)",C:\Users\Dell\Desktop\Work\Parent\Binarize\BinarizeLeftEye\BinarizeLeftEye172.jpg
"(13, 28)","(34, 31)","(14, 27)","(30, 31)",C:\Users\Dell\Desktop\Work\Parent\Binarize\BinarizeLeftEye\BinarizeLeftEye173.jpg
"(14, 28)","(39, 34)","(18, 27)","(34, 36)",C:\Users\Dell\Desktop\Work\Parent\Binarize\BinarizeLeftEye\BinarizeLeftEye174.jpg
"(8, 30)","(37, 31)","(15, 24)","(19, 34)",C:\Users\Dell\Desktop\Work\Parent\Binarize\BinarizeLeftEye\BinarizeLeftEye175.jpg
"(11, 29)","(26, 26)","(16, 25)","(18, 35)",C:\Users\Dell\Desktop\Work\Parent\Binarize\BinarizeLeftEye\BinarizeLeftEye176.jpg
"(13, 26)","(37, 31)","(13, 26)","(18, 33)",C:\Users\Dell\Desktop\Work\Parent\Binarize\BinarizeLeftEye\BinarizeLeftEye177.jpg
"(14, 28)","(38, 33)","(16, 27)","(18, 34)",C:\Users\Dell\Desktop\Work\Parent\Binarize\BinarizeLeftEye\BinarizeLeftEye178.jpg
"(15, 26)","(36, 31)","(15, 26)","(32, 32)",C:\Users\Dell\Desktop\Work\Parent\Binarize\BinarizeLeftEye\BinarizeLeftEye179.jpg
"(15, 29)","(36, 30)","(22, 26)","(18, 34)",C:\Users\Dell\Desktop\Work\Parent\Binarize\BinarizeLeftEye\BinarizeLeftEye18.jpg
"(14, 27)","(33, 32)","(17, 26)","(32, 32)",C:\Users\Dell\Desktop\Work\Parent\Binarize\BinarizeLeftEye\BinarizeLeftEye180.jpg
"(12, 26)","(32, 31)","(16, 25)","(29, 31)",C:\Users\Dell\Desktop\Work\Parent\Binarize\BinarizeLeftEye\BinarizeLeftEye181.jpg
"(18, 30)","(25, 35)","(20, 27)","(19, 36)",C:\Users\Dell\Desktop\Work\Parent\Binarize\BinarizeLeftEye\BinarizeLeftEye182.jpg
"(17, 31)","(24, 34)","(20, 26)","(18, 35)",C:\Users\Dell\Desktop\Work\Parent\Binarize\BinarizeLeftEye\BinarizeLeftEye183.jpg
"(18, 31)","(25, 35)","(19, 30)","(20, 37)",C:\Users\Dell\Desktop\Work\Parent\Binarize\BinarizeLeftEye\BinarizeLeftEye184.jpg
"(10, 30)","(38, 32)","(17, 24)","(17, 34)",C:\Users\Dell\Desktop\Work\Parent\Binarize\BinarizeLeftEye\BinarizeLeftEye185.jpg
"(9, 29)","(37, 28)","(15, 22)","(16, 31)",C:\Users\Dell\Desktop\Work\Parent\Binarize\BinarizeLeftEye\BinarizeLeftEye186.jpg
"(15, 28)","(34, 29)","(20, 26)","(15, 35)",C:\Users\Dell\Desktop\Work\Parent\Binarize\BinarizeLeftEye\BinarizeLeftEye19.jpg
"(12, 28)","(27, 27)","(15, 26)","(18, 34)",C:\Users\Dell\Desktop\Work\Parent\Binarize\BinarizeLeftEye\BinarizeLeftEye2.jpg
"(13, 28)","(26, 27)","(19, 27)","(15, 33)",C:\Users\Dell\Desktop\Work\Parent\Binarize\BinarizeLeftEye\BinarizeLeftEye20.jpg
"(13, 26)","(25, 25)","(17, 25)","(14, 31)",C:\Users\Dell\Desktop\Work\Parent\Binarize\BinarizeLeftEye\BinarizeLeftEye21.jpg
"(16, 28)","(25, 35)","(20, 26)","(17, 36)",C:\Users\Dell\Desktop\Work\Parent\Binarize\BinarizeLeftEye\BinarizeLeftEye22.jpg
"(9, 8)","(36, 12)","(11, 7)","(36, 12)",C:\Users\Dell\Desktop\Work\Parent\Binarize\BinarizeLeftEye\BinarizeLeftEye23.jpg
"(11, 28)","(26, 26)","(16, 25)","(16, 36)",C:\Users\Dell\Desktop\Work\Parent\Binarize\BinarizeLeftEye\BinarizeLeftEye24.jpg
"(10, 7)","(36, 11)","(13, 6)","(36, 11)",C:\Users\Dell\Desktop\Work\Parent\Binarize\BinarizeLeftEye\BinarizeLeftEye25.jpg
"(11, 31)","(40, 32)","(17, 24)","(34, 35)",C:\Users\Dell\Desktop\Work\Parent\Binarize\BinarizeLeftEye\BinarizeLeftEye26.jpg
"(9, 9)","(38, 13)","(17, 7)","(37, 13)",C:\Users\Dell\Desktop\Work\Parent\Binarize\BinarizeLeftEye\BinarizeLeftEye27.jpg
"(5, 6)","(24, 7)","(5, 6)","(8, 10)",C:\Users\Dell\Desktop\Work\Parent\Binarize\BinarizeLeftEye\BinarizeLeftEye28.jpg
"(14, 24)","(31, 28)","(14, 24)","(15, 31)",C:\Users\Dell\Desktop\Work\Parent\Binarize\BinarizeLeftEye\BinarizeLeftEye29.jpg
"(16, 26)","(39, 31)","(22, 23)","(20, 37)",C:\Users\Dell\Desktop\Work\Parent\Binarize\BinarizeLeftEye\BinarizeLeftEye3.jpg
"(15, 24)","(31, 27)","(15, 24)","(17, 32)",C:\Users\Dell\Desktop\Work\Parent\Binarize\BinarizeLeftEye\BinarizeLeftEye30.jpg
"(14, 25)","(33, 29)","(14, 25)","(17, 33)",C:\Users\Dell\Desktop\Work\Parent\Binarize\BinarizeLeftEye\BinarizeLeftEye31.jpg
"(9, 7)","(39, 17)","(17, 5)","(39, 17)",C:\Users\Dell\Desktop\Work\Parent\Binarize\BinarizeLeftEye\BinarizeLeftEye32.jpg
"(12, 25)","(33, 28)","(14, 24)","(14, 30)",C:\Users\Dell\Desktop\Work\Parent\Binarize\BinarizeLeftEye\BinarizeLeftEye33.jpg
"(14, 25)","(33, 29)","(17, 24)","(17, 32)",C:\Users\Dell\Desktop\Work\Parent\Binarize\BinarizeLeftEye\BinarizeLeftEye34.jpg
"(10, 35)","(39, 33)","(18, 26)","(19, 36)",C:\Users\Dell\Desktop\Work\Parent\Binarize\BinarizeLeftEye\BinarizeLeftEye35.jpg
"(15, 25)","(33, 29)","(17, 24)","(18, 32)",C:\Users\Dell\Desktop\Work\Parent\Binarize\BinarizeLeftEye\BinarizeLeftEye36.jpg
"(14, 26)","(34, 29)","(16, 25)","(18, 32)",C:\Users\Dell\Desktop\Work\Parent\Binarize\BinarizeLeftEye\BinarizeLeftEye37.jpg
"(11, 28)","(40, 31)","(17, 23)","(36, 35)",C:\Users\Dell\Desktop\Work\Parent\Binarize\BinarizeLeftEye\BinarizeLeftEye38.jpg
"(14, 25)","(33, 29)","(16, 24)","(18, 32)",C:\Users\Dell\Desktop\Work\Parent\Binarize\BinarizeLeftEye\BinarizeLeftEye39.jpg
"(17, 27)","(37, 31)","(20, 25)","(19, 37)",C:\Users\Dell\Desktop\Work\Parent\Binarize\BinarizeLeftEye\BinarizeLeftEye4.jpg
"(13, 25)","(32, 28)","(13, 25)","(16, 31)",C:\Users\Dell\Desktop\Work\Parent\Binarize\BinarizeLeftEye\BinarizeLeftEye40.jpg
"(9, 5)","(31, 11)","(9, 5)","(29, 11)",C:\Users\Dell\Desktop\Work\Parent\Binarize\BinarizeLeftEye\BinarizeLeftEye41.jpg
"(5, 5)","(27, 9)","(5, 5)","(20, 9)",C:\Users\Dell\Desktop\Work\Parent\Binarize\BinarizeLeftEye\BinarizeLeftEye42.jpg
"(12, 24)","(34, 28)","(15, 22)","(16, 33)",C:\Users\Dell\Desktop\Work\Parent\Binarize\BinarizeLeftEye\BinarizeLeftEye43.jpg
"(7, 31)","(36, 30)","(18, 22)","(13, 34)",C:\Users\Dell\Desktop\Work\Parent\Binarize\BinarizeLeftEye\BinarizeLeftEye44.jpg
"(13, 26)","(35, 30)","(18, 23)","(16, 34)",C:\Users\Dell\Desktop\Work\Parent\Binarize\BinarizeLeftEye\BinarizeLeftEye45.jpg
"(9, 32)","(35, 29)","(15, 24)","(9, 34)",C:\Users\Dell\Desktop\Work\Parent\Binarize\BinarizeLeftEye\BinarizeLeftEye46.jpg
"(12, 25)","(34, 30)","(15, 23)","(14, 31)",C:\Users\Dell\Desktop\Work\Parent\Binarize\BinarizeLeftEye\BinarizeLeftEye47.jpg
"(9, 30)","(36, 31)","(17, 24)","(17, 33)",C:\Users\Dell\Desktop\Work\Parent\Binarize\BinarizeLeftEye\BinarizeLeftEye48.jpg
"(13, 27)","(37, 31)","(17, 24)","(17, 34)",C:\Users\Dell\Desktop\Work\Parent\Binarize\BinarizeLeftEye\BinarizeLeftEye49.jpg
"(15, 26)","(39, 32)","(19, 23)","(19, 36)",C:\Users\Dell\Desktop\Work\Parent\Binarize\BinarizeLeftEye\BinarizeLeftEye5.jpg
"(9, 30)","(38, 33)","(18, 23)","(33, 36)",C:\Users\Dell\Desktop\Work\Parent\Binarize\BinarizeLeftEye\BinarizeLeftEye50.jpg
"(13, 27)","(36, 30)","(19, 23)","(16, 34)",C:\Users\Dell\Desktop\Work\Parent\Binarize\BinarizeLeftEye\BinarizeLeftEye51.jpg
"(14, 25)","(35, 31)","(17, 23)","(18, 33)",C:\Users\Dell\Desktop\Work\Parent\Binarize\BinarizeLeftEye\BinarizeLeftEye52.jpg
"(9, 32)","(35, 31)","(20, 23)","(16, 33)",C:\Users\Dell\Desktop\Work\Parent\Binarize\BinarizeLeftEye\BinarizeLeftEye53.jpg
"(13, 28)","(36, 30)","(18, 24)","(15, 34)",C:\Users\Dell\Desktop\Work\Parent\Binarize\BinarizeLeftEye\BinarizeLeftEye54.jpg
"(14, 27)","(37, 31)","(19, 24)","(18, 35)",C:\Users\Dell\Desktop\Work\Parent\Binarize\BinarizeLeftEye\BinarizeLeftEye55.jpg
"(15, 26)","(37, 29)","(21, 23)","(18, 34)",C:\Users\Dell\Desktop\Work\Parent\Binarize\BinarizeLeftEye\BinarizeLeftEye56.jpg
"(12, 26)","(26, 26)","(15, 24)","(16, 36)",C:\Users\Dell\Desktop\Work\Parent\Binarize\BinarizeLeftEye\BinarizeLeftEye57.jpg
"(14, 27)","(37, 31)","(20, 23)","(19, 35)",C:\Users\Dell\Desktop\Work\Parent\Binarize\BinarizeLeftEye\BinarizeLeftEye58.jpg
"(14, 29)","(37, 34)","(18, 26)","(17, 35)",C:\Users\Dell\Desktop\Work\Parent\Binarize\BinarizeLeftEye\BinarizeLeftEye59.jpg
"(13, 27)","(25, 26)","(16, 26)","(16, 32)",C:\Users\Dell\Desktop\Work\Parent\Binarize\BinarizeLeftEye\BinarizeLeftEye6.jpg
"(14, 27)","(37, 31)","(19, 24)","(16, 34)",C:\Users\Dell\Desktop\Work\Parent\Binarize\BinarizeLeftEye\BinarizeLeftEye60.jpg
"(14, 27)","(36, 31)","(20, 24)","(15, 33)",C:\Users\Dell\Desktop\Work\Parent\Binarize\BinarizeLeftEye\BinarizeLeftEye61.jpg
"(10, 30)","(39, 33)","(16, 24)","(33, 36)",C:\Users\Dell\Desktop\Work\Parent\Binarize\BinarizeLeftEye\BinarizeLeftEye62.jpg
"(16, 26)","(37, 30)","(21, 23)","(17, 35)",C:\Users\Dell\Desktop\Work\Parent\Binarize\BinarizeLeftEye\BinarizeLeftEye63.jpg
"(16, 27)","(37, 32)","(21, 24)","(19, 36)",C:\Users\Dell\Desktop\Work\Parent\Binarize\BinarizeLeftEye\BinarizeLeftEye64.jpg
"(16, 27)","(37, 32)","(20, 24)","(19, 36)",C:\Users\Dell\Desktop\Work\Parent\Binarize\BinarizeLeftEye\BinarizeLeftEye65.jpg
"(5, 12)","(37, 11)","(25, 7)","(5, 14)",C:\Users\Dell\Desktop\Work\Parent\Binarize\BinarizeLeftEye\BinarizeLeftEye66.jpg
"(3, 13)","(36, 10)","(13, 8)","(3, 15)",C:\Users\Dell\Desktop\Work\Parent\Binarize\BinarizeLeftEye\BinarizeLeftEye67.jpg
"(13, 25)","(26, 25)","(16, 23)","(17, 35)",C:\Users\Dell\Desktop\Work\Parent\Binarize\BinarizeLeftEye\BinarizeLeftEye68.jpg
"(3, 14)","(37, 11)","(14, 9)","(9, 17)",C:\Users\Dell\Desktop\Work\Parent\Binarize\BinarizeLeftEye\BinarizeLeftEye69.jpg
"(12, 27)","(23, 26)","(21, 25)","(15, 31)",C:\Users\Dell\Desktop\Work\Parent\Binarize\BinarizeLeftEye\BinarizeLeftEye7.jpg
"(4, 11)","(35, 11)","(16, 6)","(10, 13)",C:\Users\Dell\Desktop\Work\Parent\Binarize\BinarizeLeftEye\BinarizeLeftEye70.jpg
"(6, 5)","(40, 14)","(7, 4)","(38, 14)",C:\Users\Dell\Desktop\Work\Parent\Binarize\BinarizeLeftEye\BinarizeLeftEye71.jpg
"(6, 7)","(40, 15)","(6, 7)","(39, 15)",C:\Users\Dell\Desktop\Work\Parent\Binarize\BinarizeLeftEye\BinarizeLeftEye72.jpg
"(10, 34)","(39, 33)","(20, 25)","(10, 35)",C:\Users\Dell\Desktop\Work\Parent\Binarize\BinarizeLeftEye\BinarizeLeftEye73.jpg
"(11, 32)","(40, 33)","(20, 24)","(33, 38)",C:\Users\Dell\Desktop\Work\Parent\Binarize\BinarizeLeftEye\BinarizeLeftEye74.jpg
"(8, 9)","(39, 13)","(18, 6)","(38, 13)",C:\Users\Dell\Desktop\Work\Parent\Binarize\BinarizeLeftEye\BinarizeLeftEye75.jpg
"(7, 9)","(38, 13)","(17, 6)","(38, 13)",C:\Users\Dell\Desktop\Work\Parent\Binarize\BinarizeLeftEye\BinarizeLeftEye76.jpg
"(7, 30)","(35, 31)","(17, 23)","(15, 33)",C:\Users\Dell\Desktop\Work\Parent\Binarize\BinarizeLeftEye\BinarizeLeftEye77.jpg
"(8, 9)","(41, 13)","(15, 6)","(41, 13)",C:\Users\Dell\Desktop\Work\Parent\Binarize\BinarizeLeftEye\BinarizeLeftEye78.jpg
"(10, 31)","(39, 32)","(19, 25)","(16, 36)",C:\Users\Dell\Desktop\Work\Parent\Binarize\BinarizeLeftEye\BinarizeLeftEye79.jpg
"(12, 26)","(23, 26)","(13, 25)","(14, 30)",C:\Users\Dell\Desktop\Work\Parent\Binarize\BinarizeLeftEye\BinarizeLeftEye8.jpg
"(8, 10)","(42, 14)","(16, 7)","(42, 14)",C:\Users\Dell\Desktop\Work\Parent\Binarize\BinarizeLeftEye\BinarizeLeftEye80.jpg
"(8, 8)","(40, 11)","(17, 5)","(16, 11)",C:\Users\Dell\Desktop\Work\Parent\Binarize\BinarizeLeftEye\BinarizeLeftEye81.jpg
"(6, 8)","(41, 12)","(15, 6)","(16, 12)",C:\Users\Dell\Desktop\Work\Parent\Binarize\BinarizeLeftEye\BinarizeLeftEye82.jpg
"(5, 30)","(34, 27)","(14, 23)","(5, 31)",C:\Users\Dell\Desktop\Work\Parent\Binarize\BinarizeLeftEye\BinarizeLeftEye83.jpg
"(6, 30)","(34, 28)","(15, 24)","(6, 32)",C:\Users\Dell\Desktop\Work\Parent\Binarize\BinarizeLeftEye\BinarizeLeftEye84.jpg
"(6, 29)","(35, 28)","(13, 24)","(6, 32)",C:\Users\Dell\Desktop\Work\Parent\Binarize\BinarizeLeftEye\BinarizeLeftEye85.jpg
"(11, 29)","(40, 33)","(20, 23)","(22, 37)",C:\Users\Dell\Desktop\Work\Parent\Binarize\BinarizeLeftEye\BinarizeLeftEye86.jpg
"(7, 28)","(34, 29)","(15, 23)","(15, 29)",C:\Users\Dell\Desktop\Work\Parent\Binarize\BinarizeLeftEye\BinarizeLeftEye87.jpg
"(6, 28)","(34, 30)","(12, 24)","(16, 30)",C:\Users\Dell\Desktop\Work\Parent\Binarize\BinarizeLeftEye\BinarizeLeftEye88.jpg
"(6, 30)","(34, 29)","(16, 22)","(17, 32)",C:\Users\Dell\Desktop\Work\Parent\Binarize\BinarizeLeftEye\BinarizeLeftEye89.jpg
"(14, 27)","(25, 26)","(15, 26)","(17, 34)",C:\Users\Dell\Desktop\Work\Parent\Binarize\BinarizeLeftEye\BinarizeLeftEye9.jpg
"(11, 27)","(26, 26)","(17, 24)","(15, 36)",C:\Users\Dell\Desktop\Work\Parent\Binarize\BinarizeLeftEye\BinarizeLeftEye90.jpg
"(16, 23)","(34, 30)","(16, 23)","(18, 32)",C:\Users\Dell\Desktop\Work\Parent\Binarize\BinarizeLeftEye\BinarizeLeftEye91.jpg
"(6, 30)","(34, 29)","(14, 22)","(16, 32)",C:\Users\Dell\Desktop\Work\Parent\Binarize\BinarizeLeftEye\BinarizeLeftEye92.jpg
"(6, 31)","(33, 29)","(17, 24)","(6, 31)",C:\Users\Dell\Desktop\Work\Parent\Binarize\BinarizeLeftEye\BinarizeLeftEye93.jpg
"(7, 30)","(33, 29)","(20, 24)","(10, 31)",C:\Users\Dell\Desktop\Work\Parent\Binarize\BinarizeLeftEye\BinarizeLeftEye94.jpg
"(5, 30)","(33, 28)","(17, 23)","(5, 30)",C:\Users\Dell\Desktop\Work\Parent\Binarize\BinarizeLeftEye\BinarizeLeftEye95.jpg
"(12, 24)","(32, 29)","(15, 22)","(17, 32)",C:\Users\Dell\Desktop\Work\Parent\Binarize\BinarizeLeftEye\BinarizeLeftEye96.jpg
"(6, 30)","(33, 29)","(19, 22)","(18, 32)",C:\Users\Dell\Desktop\Work\Parent\Binarize\BinarizeLeftEye\BinarizeLeftEye97.jpg
"(13, 27)","(27, 26)","(16, 25)","(16, 37)",C:\Users\Dell\Desktop\Work\Parent\Binarize\BinarizeLeftEye\BinarizeLeftEye98.jpg
"(11, 33)","(40, 32)","(19, 26)","(19, 35)",C:\Users\Dell\Desktop\Work\Parent\Binarize\BinarizeLeftEye\BinarizeLeftEye99.jpg
